INSERT INTO USERS ( ACTIVATION , CONFIRM_PASSWORD , EMAIL , ENABLED , FULL_NAME , LAST_TICKET_CATEGORY , LAST_SELECTED_ROLE , PASSWORD ) VALUES ( '','{noop}','admin@helpdesk.hu',true,'Admin','Megoldóra vár','Adminisztrátor','{noop}') ;
INSERT INTO USERS ( ACTIVATION , CONFIRM_PASSWORD , EMAIL , ENABLED , FULL_NAME , LAST_TICKET_CATEGORY , LAST_SELECTED_ROLE , PASSWORD ) VALUES ( '','{noop}','kozmakrisztian89@gmail.com',true,'Kozma Krisztián','Megoldóra vár','Megoldó','{noop}') ;
INSERT INTO USERS ( ACTIVATION , CONFIRM_PASSWORD , EMAIL , ENABLED , FULL_NAME , LAST_TICKET_CATEGORY , LAST_SELECTED_ROLE , PASSWORD ) VALUES ( '','{noop}','nagyelek@gmail.com',true,'Nagy Elek','Megoldóra vár','Bejelentő','{noop}') ;
INSERT INTO roles( role ) VALUES ( 'ADMIN' ) ;
INSERT INTO roles( role ) VALUES ( 'REQUESTOR' ) ;
INSERT INTO roles( role ) VALUES ( 'USER' ) ;
INSERT INTO user_roles( user_id, role_id ) VALUES (1,1) ;
INSERT INTO user_roles( user_id, role_id ) VALUES (1,2) ;
INSERT INTO user_roles( user_id, role_id ) VALUES (1,3) ;
INSERT INTO user_roles( user_id, role_id ) VALUES (2,2) ;
INSERT INTO user_roles( user_id, role_id ) VALUES (2,3) ;
INSERT INTO user_roles( user_id, role_id ) VALUES (3,3) ;
insert into tickets ( closed , created , description , enrolled , id , status , subject, REQUESTOR_ID ) values ( '2018-11-21' , '2018-11-21' , 'A számítógép képernyőjén megjelent egy üzenet: "Súlyos rendszerhiba történt!"' , '2018-11-21' , 1 , 'Megoldóra vár' , 'Rendszerhiba!', 1 );
insert into tickets ( closed , created , description , enrolled , id , solver , status , subject, REQUESTOR_ID ) values ( '2018-11-21' , '2018-11-21' , 'Kovács Norbert gépén megszakadt a hálózati kapcsolat. Kérem a hiba javítását.' , '2018-11-21' , 2 , 'Admin' , 'Folyamatban' , 'Nincs hálózati kapcsolat', 2 );
insert into tickets ( closed , created , description , enrolled , id , solver , status , subject, REQUESTOR_ID ) values ( '2018-11-21' , '2018-11-21' , 'A számítógép képernyőjén megjelent egy üzenet: "Súlyos rendszerhiba történt!"' , '2018-11-21' , 3 , 'Kozma Krisztián' , 'Lezárt' , 'Hibaüzenet!', 1 );
insert into tickets ( closed , created , description , enrolled , id , solver , status , subject, REQUESTOR_ID ) values ( '2018-11-21' , '2018-11-21' , 'Kovács Norbert gépén megszakadt a hálózati kapcsolat. Kérem a hiba javítását.' , '2018-11-21' , 4 , 'Admin' , 'Lezárt' , 'Hálózati gond', 2 );
insert into tickets ( closed , created , description , enrolled , id , status , subject, REQUESTOR_ID ) values ( '2018-11-21' , '2018-11-21' , 'A számítógép képernyőjén megjelent egy üzenet: "Súlyos rendszerhiba történt!"' , '2018-11-21' , 5 , 'Megoldóra vár' , 'Sújos hiba!', 2 );
insert into tickets ( closed , created , description , enrolled , id , solver , status , subject, REQUESTOR_ID ) values ( '2018-11-21' , '2018-11-21' , 'Kovács Norbert gépén megszakadt a hálózati kapcsolat. Kérem a hiba javítását.' , '2018-11-21' , 6 , 'Kozma Krisztián' , 'Folyamatban' , 'Nem látom a hálózatot', 1 );
insert into tickets ( closed , created , description , enrolled , id , status , subject, REQUESTOR_ID ) values ( '2018-11-21' , '2018-11-21' , 'A számítógép képernyőjén megjelent egy üzenet: "Súlyos rendszerhiba történt!"' , '2018-11-21' , 7 , 'Megoldóra vár' , 'Felugró ablak.', 1 );
insert into tickets ( closed , created , description , enrolled , id , solver , status , subject, REQUESTOR_ID ) values ( '2018-11-21' , '2018-11-21' , 'Kovács Norbert gépén megszakadt a hálózati kapcsolat. Kérem a hiba javítását.' , '2018-11-21' , 8 , 'Admin' , 'Folyamatban' , 'Internet elérés.', 2 );
INSERT INTO ATTACHMENTS ( ID , PATH , OWNER_TICKET_ID ) VALUES ( 1 , 'hiba.pdf' , 1 ) ;
INSERT INTO ATTACHMENTS ( ID , PATH , OWNER_TICKET_ID ) VALUES ( 2 , 'doksi.docx' , 7 ) ;
INSERT INTO ATTACHMENTS ( ID , PATH , OWNER_TICKET_ID ) VALUES ( 3 , 'screenshot.jpg' , 2 ) ;
INSERT INTO ATTACHMENTS ( ID , PATH , OWNER_TICKET_ID ) VALUES ( 4 , 'lista.xlsx' , 4 ) ;
INSERT INTO ATTACHMENTS ( ID , PATH , OWNER_TICKET_ID ) VALUES ( 5 , 'ablak.pdf' , 2 ) ;
INSERT INTO MESSAGES ( ID , MESSAGE_FILE_NAME , MESSAGES_TICKET_ID ) VALUES ( 1 , 'ticket_1.hdm' , 1 ) ;
INSERT INTO MESSAGES ( ID , MESSAGE_FILE_NAME , MESSAGES_TICKET_ID ) VALUES ( 2 , 'ticket_2.hdm' , 2 ) ;
INSERT INTO MESSAGES ( ID , MESSAGE_FILE_NAME , MESSAGES_TICKET_ID ) VALUES ( 3 , 'ticket_3.hdm' , 3 ) ;
INSERT INTO MESSAGES ( ID , MESSAGE_FILE_NAME , MESSAGES_TICKET_ID ) VALUES ( 4 , 'ticket_4.hdm' , 4 ) ;
INSERT INTO MESSAGES ( ID , MESSAGE_FILE_NAME , MESSAGES_TICKET_ID ) VALUES ( 5 , 'ticket_5.hdm' , 5 ) ;
INSERT INTO MESSAGES ( ID , MESSAGE_FILE_NAME , MESSAGES_TICKET_ID ) VALUES ( 6 , 'ticket_6.hdm' , 6 ) ;
INSERT INTO MESSAGES ( ID , MESSAGE_FILE_NAME , MESSAGES_TICKET_ID ) VALUES ( 7 , 'ticket_7.hdm' , 7 ) ;
INSERT INTO MESSAGES ( ID , MESSAGE_FILE_NAME , MESSAGES_TICKET_ID ) VALUES ( 8 , 'ticket_8.hdm' , 8 ) ;